https://instagram.fktw4-1.fna.fbcdn.net/v/t51.2885-15/e35/s1080x1080/100081323_3202740156436403_4477440198451171142_n.jpg?_nc_ht=instagram.fktw4-1.fna.fbcdn.net&_nc_cat=111&_nc_ohc=TE5WtY_fPqIAX_ZtQuk&oh=0b419930697a78630d7c5d4a953ca373&oe=5EF15E3F;Eli
https://instagram.fktw4-1.fna.fbcdn.net/v/t51.2885-15/e35/s1080x1080/100081323_3202740156436403_4477440198451171142_n.jpg?_nc_ht=instagram.fktw4-1.fna.fbcdn.net&_nc_cat=111&_nc_ohc=TE5WtY_fPqIAX_ZtQuk&oh=0b419930697a78630d7c5d4a953ca373&oe=5EF15E3F;Elo
https://instagram.fktw4-1.fna.fbcdn.net/v/t51.2885-15/e35/s1080x1080/100081323_3202740156436403_4477440198451171142_n.jpg?_nc_ht=instagram.fktw4-1.fna.fbcdn.net&_nc_cat=111&_nc_ohc=TE5WtY_fPqIAX_ZtQuk&oh=0b419930697a78630d7c5d4a953ca373&oe=5EF15E3F;:)
https://instagram.fktw4-1.fna.fbcdn.net/v/t51.2885-15/e35/s1080x1080/100081323_3202740156436403_4477440198451171142_n.jpg?_nc_ht=instagram.fktw4-1.fna.fbcdn.net&_nc_cat=111&_nc_ohc=TE5WtY_fPqIAX_ZtQuk&oh=0b419930697a78630d7c5d4a953ca373&oe=5EF15E3F;\ud83d\udd25
https://instagram.fktw4-1.fna.fbcdn.net/v/t51.2885-15/e35/s1080x1080/100081323_3202740156436403_4477440198451171142_n.jpg?_nc_ht=instagram.fktw4-1.fna.fbcdn.net&_nc_cat=111&_nc_ohc=TE5WtY_fPqIAX_ZtQuk&oh=0b419930697a78630d7c5d4a953ca373&oe=5EF15E3F;\ud83d\udc96
https://instagram.fktw4-1.fna.fbcdn.net/v/t51.2885-15/e35/s1080x1080/100081323_3202740156436403_4477440198451171142_n.jpg?_nc_ht=instagram.fktw4-1.fna.fbcdn.net&_nc_cat=111&_nc_ohc=TE5WtY_fPqIAX_ZtQuk&oh=0b419930697a78630d7c5d4a953ca373&oe=5EF15E3F;Git koszyk pani Madziu \u2764\ufe0f\u2764\ufe0f\ud83d\udc9e
https://instagram.fktw4-1.fna.fbcdn.net/v/t51.2885-15/e35/s1080x1080/100081323_3202740156436403_4477440198451171142_n.jpg?_nc_ht=instagram.fktw4-1.fna.fbcdn.net&_nc_cat=111&_nc_ohc=TE5WtY_fPqIAX_ZtQuk&oh=0b419930697a78630d7c5d4a953ca373&oe=5EF15E3F;I do tego nasze maseczki, bo zdrowie naszych mam jest najwa\u017cniejsze \u2764\ufe0f
https://instagram.fktw4-1.fna.fbcdn.net/v/t51.2885-15/e35/s1080x1080/100081323_3202740156436403_4477440198451171142_n.jpg?_nc_ht=instagram.fktw4-1.fna.fbcdn.net&_nc_cat=111&_nc_ohc=TE5WtY_fPqIAX_ZtQuk&oh=0b419930697a78630d7c5d4a953ca373&oe=5EF15E3F;Kosztowa\u0142am te pyszno\u015bci i polecam \ud83d\udc4d\ud83d\udc4d\ud83d\udc4d\ud83d\udc4d\ud83d\udc4dPysznie i zdrowo.\ud83d\udc9a\ud83d\udc9a\ud83d\udc9a\ud83d\udc9a\ud83d\udc9a\ud83d\udc9a\ud83d\udc9a
https://instagram.fktw4-1.fna.fbcdn.net/v/t51.2885-15/e35/s1080x1080/100081323_3202740156436403_4477440198451171142_n.jpg?_nc_ht=instagram.fktw4-1.fna.fbcdn.net&_nc_cat=111&_nc_ohc=TE5WtY_fPqIAX_ZtQuk&oh=0b419930697a78630d7c5d4a953ca373&oe=5EF15E3F;@moje_domowe_jedzenie dzi\u0119kujemy :)
https://instagram.fktw4-1.fna.fbcdn.net/v/t51.2885-15/e35/s1080x1080/100081323_3202740156436403_4477440198451171142_n.jpg?_nc_ht=instagram.fktw4-1.fna.fbcdn.net&_nc_cat=111&_nc_ohc=TE5WtY_fPqIAX_ZtQuk&oh=0b419930697a78630d7c5d4a953ca373&oe=5EF15E3F;\ud83d\udc9e
https://instagram.fktw4-1.fna.fbcdn.net/v/t51.2885-15/e35/s1080x1080/100081323_3202740156436403_4477440198451171142_n.jpg?_nc_ht=instagram.fktw4-1.fna.fbcdn.net&_nc_cat=111&_nc_ohc=TE5WtY_fPqIAX_ZtQuk&oh=0b419930697a78630d7c5d4a953ca373&oe=5EF15E3F;@kagome_chan_28 \ud83d\udd25\u2764\ufe0f
https://instagram.fktw4-1.fna.fbcdn.net/v/t51.2885-15/e35/s1080x1080/100081323_3202740156436403_4477440198451171142_n.jpg?_nc_ht=instagram.fktw4-1.fna.fbcdn.net&_nc_cat=111&_nc_ohc=TE5WtY_fPqIAX_ZtQuk&oh=0b419930697a78630d7c5d4a953ca373&oe=5EF15E3F;Sama s\u0142odycz pani Magdo\ud83c\udf37\ud83c\udf37\ud83c\udf37\ud83d\ude42\ud83c\udf52\ud83c\udf52
https://instagram.fktw4-1.fna.fbcdn.net/v/t51.2885-15/e35/s1080x1080/100081323_3202740156436403_4477440198451171142_n.jpg?_nc_ht=instagram.fktw4-1.fna.fbcdn.net&_nc_cat=111&_nc_ohc=TE5WtY_fPqIAX_ZtQuk&oh=0b419930697a78630d7c5d4a953ca373&oe=5EF15E3F;@jelinska.marzena \u2764\ufe0f\ud83d\ude0d\ud83d\ude0d
https://instagram.fktw4-1.fna.fbcdn.net/v/t51.2885-15/e35/s1080x1080/100081323_3202740156436403_4477440198451171142_n.jpg?_nc_ht=instagram.fktw4-1.fna.fbcdn.net&_nc_cat=111&_nc_ohc=TE5WtY_fPqIAX_ZtQuk&oh=0b419930697a78630d7c5d4a953ca373&oe=5EF15E3F;Dobre serce co na dzie\u0144 dziecka?
https://instagram.fktw4-1.fna.fbcdn.net/v/t51.2885-15/e35/s1080x1080/100081323_3202740156436403_4477440198451171142_n.jpg?_nc_ht=instagram.fktw4-1.fna.fbcdn.net&_nc_cat=111&_nc_ohc=TE5WtY_fPqIAX_ZtQuk&oh=0b419930697a78630d7c5d4a953ca373&oe=5EF15E3F;@zaala9 te\u017c mamy zestawy\u2764\ufe0f
https://instagram.fktw4-1.fna.fbcdn.net/v/t51.2885-15/e35/s1080x1080/100081323_3202740156436403_4477440198451171142_n.jpg?_nc_ht=instagram.fktw4-1.fna.fbcdn.net&_nc_cat=111&_nc_ohc=TE5WtY_fPqIAX_ZtQuk&oh=0b419930697a78630d7c5d4a953ca373&oe=5EF15E3F;Lepiej daj jeden zestaw dla @waleczna.zosia
https://instagram.fktw4-1.fna.fbcdn.net/v/t51.2885-15/e35/s1080x1080/100081323_3202740156436403_4477440198451171142_n.jpg?_nc_ht=instagram.fktw4-1.fna.fbcdn.net&_nc_cat=111&_nc_ohc=TE5WtY_fPqIAX_ZtQuk&oh=0b419930697a78630d7c5d4a953ca373&oe=5EF15E3F;Bardzo prosz\u0119 o wsparcie dla kobiety, kt\u00f3ra bardzo cierpi, WIERZ\u0118 W WAS, WIERZ\u0118, \u017bE UDA SI\u0118 WYGOSPODAROWA\u0106 Z\u0141OT\u00d3WK\u0118, ABY WESPRZE\u0106 ZRZUTK\u0118, - mo\u017ce to komu\u015b wydawa\u0107 si\u0119 \u015bmieszne, ale ka\u017cda \
https://instagram.fktw4-1.fna.fbcdn.net/v/t51.2885-15/e35/s1080x1080/100081323_3202740156436403_4477440198451171142_n.jpg?_nc_ht=instagram.fktw4-1.fna.fbcdn.net&_nc_cat=111&_nc_ohc=TE5WtY_fPqIAX_ZtQuk&oh=0b419930697a78630d7c5d4a953ca373&oe=5EF15E3F;A\u017c \u015blinka cieknie \ud83d\ude0d
https://instagram.fktw4-1.fna.fbcdn.net/v/t51.2885-15/e35/s1080x1080/100081323_3202740156436403_4477440198451171142_n.jpg?_nc_ht=instagram.fktw4-1.fna.fbcdn.net&_nc_cat=111&_nc_ohc=TE5WtY_fPqIAX_ZtQuk&oh=0b419930697a78630d7c5d4a953ca373&oe=5EF15E3F;\ud83d\udc4f\ud83d\udc4f\ud83d\udc4d
https://instagram.fktw4-1.fna.fbcdn.net/v/t51.2885-15/e35/s1080x1080/100081323_3202740156436403_4477440198451171142_n.jpg?_nc_ht=instagram.fktw4-1.fna.fbcdn.net&_nc_cat=111&_nc_ohc=TE5WtY_fPqIAX_ZtQuk&oh=0b419930697a78630d7c5d4a953ca373&oe=5EF15E3F;Pani Magdo jak mozna zamowic ta paczke ?
https://instagram.fktw4-1.fna.fbcdn.net/v/t51.2885-15/e35/s1080x1080/100081323_3202740156436403_4477440198451171142_n.jpg?_nc_ht=instagram.fktw4-1.fna.fbcdn.net&_nc_cat=111&_nc_ohc=TE5WtY_fPqIAX_ZtQuk&oh=0b419930697a78630d7c5d4a953ca373&oe=5EF15E3F;\ud83d\udc4f\ud83d\udc4f\ud83d\udc4d
https://instagram.fktw4-1.fna.fbcdn.net/v/t51.2885-15/e35/s1080x1080/100081323_3202740156436403_4477440198451171142_n.jpg?_nc_ht=instagram.fktw4-1.fna.fbcdn.net&_nc_cat=111&_nc_ohc=TE5WtY_fPqIAX_ZtQuk&oh=0b419930697a78630d7c5d4a953ca373&oe=5EF15E3F;Pani Magdo jak mozna zamowic ta paczke ?
https://instagram.fktw4-1.fna.fbcdn.net/v/t51.2885-15/e35/100476868_2988118577936075_4004583228522805315_n.jpg?_nc_ht=instagram.fktw4-1.fna.fbcdn.net&_nc_cat=111&_nc_ohc=h_-tFY-NhN4AX-D6i4V&oh=61e159f14e8d58329f0143fc657be28f&oe=5EF2FAD9;A gdzie?
https://instagram.fktw4-1.fna.fbcdn.net/v/t51.2885-15/e35/100476868_2988118577936075_4004583228522805315_n.jpg?_nc_ht=instagram.fktw4-1.fna.fbcdn.net&_nc_cat=111&_nc_ohc=h_-tFY-NhN4AX-D6i4V&oh=61e159f14e8d58329f0143fc657be28f&oe=5EF2FAD9;\ud83d\udc9e\ud83c\udf38\ud83d\udc9e
https://instagram.fktw4-1.fna.fbcdn.net/v/t51.2885-15/e35/100476868_2988118577936075_4004583228522805315_n.jpg?_nc_ht=instagram.fktw4-1.fna.fbcdn.net&_nc_cat=111&_nc_ohc=h_-tFY-NhN4AX-D6i4V&oh=61e159f14e8d58329f0143fc657be28f&oe=5EF2FAD9;Kiedy hot16?
https://instagram.fktw4-1.fna.fbcdn.net/v/t51.2885-15/e35/100476868_2988118577936075_4004583228522805315_n.jpg?_nc_ht=instagram.fktw4-1.fna.fbcdn.net&_nc_cat=111&_nc_ohc=h_-tFY-NhN4AX-D6i4V&oh=61e159f14e8d58329f0143fc657be28f&oe=5EF2FAD9;\ud83d\udc99\ud83d\udc99
https://instagram.fktw4-1.fna.fbcdn.net/v/t51.2885-15/e35/100476868_2988118577936075_4004583228522805315_n.jpg?_nc_ht=instagram.fktw4-1.fna.fbcdn.net&_nc_cat=111&_nc_ohc=h_-tFY-NhN4AX-D6i4V&oh=61e159f14e8d58329f0143fc657be28f&oe=5EF2FAD9;Kr\u00f3lowa jest tylko jedna \ud83d\ude0d
https://instagram.fktw4-1.fna.fbcdn.net/v/t51.2885-15/e35/100476868_2988118577936075_4004583228522805315_n.jpg?_nc_ht=instagram.fktw4-1.fna.fbcdn.net&_nc_cat=111&_nc_ohc=h_-tFY-NhN4AX-D6i4V&oh=61e159f14e8d58329f0143fc657be28f&oe=5EF2FAD9;Piekna
https://instagram.fktw4-1.fna.fbcdn.net/v/t51.2885-15/e35/100476868_2988118577936075_4004583228522805315_n.jpg?_nc_ht=instagram.fktw4-1.fna.fbcdn.net&_nc_cat=111&_nc_ohc=h_-tFY-NhN4AX-D6i4V&oh=61e159f14e8d58329f0143fc657be28f&oe=5EF2FAD9;:)
https://instagram.fktw4-1.fna.fbcdn.net/v/t51.2885-15/e35/100476868_2988118577936075_4004583228522805315_n.jpg?_nc_ht=instagram.fktw4-1.fna.fbcdn.net&_nc_cat=111&_nc_ohc=h_-tFY-NhN4AX-D6i4V&oh=61e159f14e8d58329f0143fc657be28f&oe=5EF2FAD9;Przepi\u0119kny cardigan. Pani Magdo gdzie mo\u017cna raki kupi\u0107? Pani powinna salon z odzie\u017c\u0105 tak\u017ce poprowadzi\u0107 i odczarowa\u0142a by Pani szaro-bur\u0105 Polsk\u0119.
https://instagram.fktw4-1.fna.fbcdn.net/v/t51.2885-15/e35/100476868_2988118577936075_4004583228522805315_n.jpg?_nc_ht=instagram.fktw4-1.fna.fbcdn.net&_nc_cat=111&_nc_ohc=h_-tFY-NhN4AX-D6i4V&oh=61e159f14e8d58329f0143fc657be28f&oe=5EF2FAD9;@anetasladewska salon z odzieza Dolce \u0026 Gabbana ale dla ubogich? \ud83d\ude02\ud83d\ude02
https://instagram.fktw4-1.fna.fbcdn.net/v/t51.2885-15/e35/100476868_2988118577936075_4004583228522805315_n.jpg?_nc_ht=instagram.fktw4-1.fna.fbcdn.net&_nc_cat=111&_nc_ohc=h_-tFY-NhN4AX-D6i4V&oh=61e159f14e8d58329f0143fc657be28f&oe=5EF2FAD9;@mayadabkowska Pani Magda to kobieta z polotem i fantazj\u0105.
https://instagram.fktw4-1.fna.fbcdn.net/v/t51.2885-15/e35/100476868_2988118577936075_4004583228522805315_n.jpg?_nc_ht=instagram.fktw4-1.fna.fbcdn.net&_nc_cat=111&_nc_ohc=h_-tFY-NhN4AX-D6i4V&oh=61e159f14e8d58329f0143fc657be28f&oe=5EF2FAD9;Dzi\u015b nie b\u0119dzie \
https://instagram.fktw4-1.fna.fbcdn.net/v/t51.2885-15/e35/100476868_2988118577936075_4004583228522805315_n.jpg?_nc_ht=instagram.fktw4-1.fna.fbcdn.net&_nc_cat=111&_nc_ohc=h_-tFY-NhN4AX-D6i4V&oh=61e159f14e8d58329f0143fc657be28f&oe=5EF2FAD9;\ud83d\udc4d\ud83c\udffd\ud83d\udc4d\ud83c\udffd\ud83d\udc4d\ud83c\udffd\ud83d\udc4d\ud83c\udffd\ud83d\udc4d\ud83c\udffd\ud83d\udc4d\ud83c\udffd\ud83d\udc4d\ud83c\udffd\ud83d\udc4d\ud83c\udffd
https://instagram.fktw4-1.fna.fbcdn.net/v/t51.2885-15/e35/100476868_2988118577936075_4004583228522805315_n.jpg?_nc_ht=instagram.fktw4-1.fna.fbcdn.net&_nc_cat=111&_nc_ohc=h_-tFY-NhN4AX-D6i4V&oh=61e159f14e8d58329f0143fc657be28f&oe=5EF2FAD9;You look much younger....
https://instagram.fktw4-1.fna.fbcdn.net/v/t51.2885-15/e35/100476868_2988118577936075_4004583228522805315_n.jpg?_nc_ht=instagram.fktw4-1.fna.fbcdn.net&_nc_cat=111&_nc_ohc=h_-tFY-NhN4AX-D6i4V&oh=61e159f14e8d58329f0143fc657be28f&oe=5EF2FAD9;Pi\u0119kny str\u00f3j! Taki w arabskim stylu\ud83d\ude0a. Widzia\u0142am wiele podobnych jak mieszka\u0142am w Egipcie i Maroku. Cudne s\u0105, a Pani jak zawsze urocza \ud83d\udc95. Besos \ud83d\ude0d.
https://instagram.fktw4-1.fna.fbcdn.net/v/t51.2885-15/e35/100476868_2988118577936075_4004583228522805315_n.jpg?_nc_ht=instagram.fktw4-1.fna.fbcdn.net&_nc_cat=111&_nc_ohc=h_-tFY-NhN4AX-D6i4V&oh=61e159f14e8d58329f0143fc657be28f&oe=5EF2FAD9;Pani Magdo. A dzisiaj nie ma kuchennych o 21.30? \ud83d\ude2d\ud83d\ude2d\ud83d\ude2da ja nie id\u0119 spa\u0107? Czekam
https://instagram.fktw4-1.fna.fbcdn.net/v/t51.2885-15/e35/100476868_2988118577936075_4004583228522805315_n.jpg?_nc_ht=instagram.fktw4-1.fna.fbcdn.net&_nc_cat=111&_nc_ohc=h_-tFY-NhN4AX-D6i4V&oh=61e159f14e8d58329f0143fc657be28f&oe=5EF2FAD9;Besoski!!!\u2764
https://instagram.fktw4-1.fna.fbcdn.net/v/t51.2885-15/e35/100476868_2988118577936075_4004583228522805315_n.jpg?_nc_ht=instagram.fktw4-1.fna.fbcdn.net&_nc_cat=111&_nc_ohc=h_-tFY-NhN4AX-D6i4V&oh=61e159f14e8d58329f0143fc657be28f&oe=5EF2FAD9;Uwielbiam Pani energi\u0119 \u26a1\ufe0f
https://instagram.fktw4-1.fna.fbcdn.net/v/t51.2885-15/e35/100476868_2988118577936075_4004583228522805315_n.jpg?_nc_ht=instagram.fktw4-1.fna.fbcdn.net&_nc_cat=111&_nc_ohc=h_-tFY-NhN4AX-D6i4V&oh=61e159f14e8d58329f0143fc657be28f&oe=5EF2FAD9;Ubierasz si\u0119 odlotowo...\ud83d\ude0d
https://instagram.fktw4-1.fna.fbcdn.net/v/t51.2885-15/e35/100476868_2988118577936075_4004583228522805315_n.jpg?_nc_ht=instagram.fktw4-1.fna.fbcdn.net&_nc_cat=111&_nc_ohc=h_-tFY-NhN4AX-D6i4V&oh=61e159f14e8d58329f0143fc657be28f&oe=5EF2FAD9;Uwielbiam Pani\u0105! \u2764\ufe0f
https://instagram.fktw4-1.fna.fbcdn.net/v/t51.2885-15/e35/100476868_2988118577936075_4004583228522805315_n.jpg?_nc_ht=instagram.fktw4-1.fna.fbcdn.net&_nc_cat=111&_nc_ohc=h_-tFY-NhN4AX-D6i4V&oh=61e159f14e8d58329f0143fc657be28f&oe=5EF2FAD9;A kiedy hot16challenge2?
https://instagram.fktw4-1.fna.fbcdn.net/v/t51.2885-15/e35/100476868_2988118577936075_4004583228522805315_n.jpg?_nc_ht=instagram.fktw4-1.fna.fbcdn.net&_nc_cat=111&_nc_ohc=h_-tFY-NhN4AX-D6i4V&oh=61e159f14e8d58329f0143fc657be28f&oe=5EF2FAD9;\ud83d\ude18\ud83d\ude18\u2764\ufe0f\u2764\ufe0f\ud83e\udd1e
https://instagram.fktw4-1.fna.fbcdn.net/v/t51.2885-15/e35/100476868_2988118577936075_4004583228522805315_n.jpg?_nc_ht=instagram.fktw4-1.fna.fbcdn.net&_nc_cat=111&_nc_ohc=h_-tFY-NhN4AX-D6i4V&oh=61e159f14e8d58329f0143fc657be28f&oe=5EF2FAD9;\u2764\ufe0f\u2764\ufe0f\u2764\ufe0f\u2764\ufe0f\u2764\ufe0f\u2764\ufe0f
https://instagram.fktw4-1.fna.fbcdn.net/v/t51.2885-15/e35/100476868_2988118577936075_4004583228522805315_n.jpg?_nc_ht=instagram.fktw4-1.fna.fbcdn.net&_nc_cat=111&_nc_ohc=h_-tFY-NhN4AX-D6i4V&oh=61e159f14e8d58329f0143fc657be28f&oe=5EF2FAD9;Magda charming witch,,,\ud83d\udc8b\ud83d\udc8b
https://instagram.fktw4-1.fna.fbcdn.net/v/t51.2885-15/e35/100476868_2988118577936075_4004583228522805315_n.jpg?_nc_ht=instagram.fktw4-1.fna.fbcdn.net&_nc_cat=111&_nc_ohc=h_-tFY-NhN4AX-D6i4V&oh=61e159f14e8d58329f0143fc657be28f&oe=5EF2FAD9;Piekne wdzianko,gdzie takie kupi\u0107?
https://instagram.fktw4-1.fna.fbcdn.net/v/t51.2885-15/e35/100476868_2988118577936075_4004583228522805315_n.jpg?_nc_ht=instagram.fktw4-1.fna.fbcdn.net&_nc_cat=111&_nc_ohc=h_-tFY-NhN4AX-D6i4V&oh=61e159f14e8d58329f0143fc657be28f&oe=5EF2FAD9;\ud83d\udc4c\ud83c\udffb
https://instagram.fktw4-1.fna.fbcdn.net/v/t51.2885-15/e35/100476868_2988118577936075_4004583228522805315_n.jpg?_nc_ht=instagram.fktw4-1.fna.fbcdn.net&_nc_cat=111&_nc_ohc=h_-tFY-NhN4AX-D6i4V&oh=61e159f14e8d58329f0143fc657be28f&oe=5EF2FAD9;Piekne wdzianko,gdzie takie kupi\u0107?
https://instagram.fktw4-1.fna.fbcdn.net/v/t51.2885-15/e35/100476868_2988118577936075_4004583228522805315_n.jpg?_nc_ht=instagram.fktw4-1.fna.fbcdn.net&_nc_cat=111&_nc_ohc=h_-tFY-NhN4AX-D6i4V&oh=61e159f14e8d58329f0143fc657be28f&oe=5EF2FAD9;\ud83d\udc4c\ud83c\udffb
https://instagram.fktw1-1.fna.fbcdn.net/v/t51.2885-15/e35/98167253_1127477754302176_1555614190441967510_n.jpg?_nc_ht=instagram.fktw1-1.fna.fbcdn.net&_nc_cat=104&_nc_ohc=eUlM9IPP5UgAX8UUCjI&oh=15496d0c567e0fb63c06534dbe4a91fa&oe=5EF1BDE0;Witam prosz\u0119 o pomoc ch\u0142opak zbiera na operacj\u0119 kr\u0119gos\u0142upa prosz\u0119 o wp\u0142aty i podanie dalej linka dzi\u0119kuj\u0119 podaje link  https://zrzutka.pl/p8pbtd
https://instagram.fktw1-1.fna.fbcdn.net/v/t51.2885-15/e35/98167253_1127477754302176_1555614190441967510_n.jpg?_nc_ht=instagram.fktw1-1.fna.fbcdn.net&_nc_cat=104&_nc_ohc=eUlM9IPP5UgAX8UUCjI&oh=15496d0c567e0fb63c06534dbe4a91fa&oe=5EF1BDE0;Zapach gotowanych ziemniak\u00f3w, gotowanego szpinaku, \u015bwie\u017cych zi\u00f3\u0142 pietruszki, lubczyku \u2764\ufe0f
https://instagram.fktw1-1.fna.fbcdn.net/v/t51.2885-15/e35/98167253_1127477754302176_1555614190441967510_n.jpg?_nc_ht=instagram.fktw1-1.fna.fbcdn.net&_nc_cat=104&_nc_ohc=eUlM9IPP5UgAX8UUCjI&oh=15496d0c567e0fb63c06534dbe4a91fa&oe=5EF1BDE0;Piekni\ud83d\udc49\ud83d\udc48
https://instagram.fktw1-1.fna.fbcdn.net/v/t51.2885-15/e35/98167253_1127477754302176_1555614190441967510_n.jpg?_nc_ht=instagram.fktw1-1.fna.fbcdn.net&_nc_cat=104&_nc_ohc=eUlM9IPP5UgAX8UUCjI&oh=15496d0c567e0fb63c06534dbe4a91fa&oe=5EF1BDE0;W Ocean przydziana, przystan\u0119\u0142a na chwil\u0119, s\u0142oneczne reflesje utka\u0142a \u263a\ufe0f
https://instagram.fktw1-1.fna.fbcdn.net/v/t51.2885-15/e35/98167253_1127477754302176_1555614190441967510_n.jpg?_nc_ht=instagram.fktw1-1.fna.fbcdn.net&_nc_cat=104&_nc_ohc=eUlM9IPP5UgAX8UUCjI&oh=15496d0c567e0fb63c06534dbe4a91fa&oe=5EF1BDE0;Mog\u0119 besos? \ud83e\udd7a\ud83e\udd7a\ud83e\udd7a\ud83e\udd7a
https://instagram.fktw1-1.fna.fbcdn.net/v/t51.2885-15/e35/98167253_1127477754302176_1555614190441967510_n.jpg?_nc_ht=instagram.fktw1-1.fna.fbcdn.net&_nc_cat=104&_nc_ohc=eUlM9IPP5UgAX8UUCjI&oh=15496d0c567e0fb63c06534dbe4a91fa&oe=5EF1BDE0;Fajnie\ud83d\ude0d
https://instagram.fktw1-1.fna.fbcdn.net/v/t51.2885-15/e35/98167253_1127477754302176_1555614190441967510_n.jpg?_nc_ht=instagram.fktw1-1.fna.fbcdn.net&_nc_cat=104&_nc_ohc=eUlM9IPP5UgAX8UUCjI&oh=15496d0c567e0fb63c06534dbe4a91fa&oe=5EF1BDE0;\ud83d\udc4d\ud83d\udc4d\ud83d\ude18
https://instagram.fktw1-1.fna.fbcdn.net/v/t51.2885-15/e35/98167253_1127477754302176_1555614190441967510_n.jpg?_nc_ht=instagram.fktw1-1.fna.fbcdn.net&_nc_cat=104&_nc_ohc=eUlM9IPP5UgAX8UUCjI&oh=15496d0c567e0fb63c06534dbe4a91fa&oe=5EF1BDE0;Emilek \ud83e\udd7a\u2764\ufe0f
https://instagram.fktw1-1.fna.fbcdn.net/v/t51.2885-15/e35/98167253_1127477754302176_1555614190441967510_n.jpg?_nc_ht=instagram.fktw1-1.fna.fbcdn.net&_nc_cat=104&_nc_ohc=eUlM9IPP5UgAX8UUCjI&oh=15496d0c567e0fb63c06534dbe4a91fa&oe=5EF1BDE0;wampir
https://instagram.fktw1-1.fna.fbcdn.net/v/t51.2885-15/e35/98167253_1127477754302176_1555614190441967510_n.jpg?_nc_ht=instagram.fktw1-1.fna.fbcdn.net&_nc_cat=104&_nc_ohc=eUlM9IPP5UgAX8UUCjI&oh=15496d0c567e0fb63c06534dbe4a91fa&oe=5EF1BDE0;Kr\u00f3lowa \u2764\ufe0f
https://instagram.fktw1-1.fna.fbcdn.net/v/t51.2885-15/e35/98167253_1127477754302176_1555614190441967510_n.jpg?_nc_ht=instagram.fktw1-1.fna.fbcdn.net&_nc_cat=104&_nc_ohc=eUlM9IPP5UgAX8UUCjI&oh=15496d0c567e0fb63c06534dbe4a91fa&oe=5EF1BDE0;my\u015bla\u0142em \u017ce to @isamupt
https://instagram.fktw1-1.fna.fbcdn.net/v/t51.2885-15/e35/98167253_1127477754302176_1555614190441967510_n.jpg?_nc_ht=instagram.fktw1-1.fna.fbcdn.net&_nc_cat=104&_nc_ohc=eUlM9IPP5UgAX8UUCjI&oh=15496d0c567e0fb63c06534dbe4a91fa&oe=5EF1BDE0;Wiosna w\u0142a\u015bnie tak pachnie :) w naszym domu pachnie bzem i konwaliami :) bo ja nieod\u0142\u0105cznie nocne klimaty czyli ukochany : Yves Saint Laurent - Black opium :) nie maj\u0105cy nic wsp\u00f3lnego z wiosna chyba \u017ce nocna pora :D
https://instagram.fktw1-1.fna.fbcdn.net/v/t51.2885-15/e35/98167253_1127477754302176_1555614190441967510_n.jpg?_nc_ht=instagram.fktw1-1.fna.fbcdn.net&_nc_cat=104&_nc_ohc=eUlM9IPP5UgAX8UUCjI&oh=15496d0c567e0fb63c06534dbe4a91fa&oe=5EF1BDE0;Ca\u0142y fukier nimi pachnie \ud83d\ude05
https://instagram.fktw1-1.fna.fbcdn.net/v/t51.2885-15/e35/98167253_1127477754302176_1555614190441967510_n.jpg?_nc_ht=instagram.fktw1-1.fna.fbcdn.net&_nc_cat=104&_nc_ohc=eUlM9IPP5UgAX8UUCjI&oh=15496d0c567e0fb63c06534dbe4a91fa&oe=5EF1BDE0;Pi\u0119knie tak jak zawsze \ud83d\ude0d\u2764\ufe0f\ud83d\udc8e
https://instagram.fktw1-1.fna.fbcdn.net/v/t51.2885-15/e35/98167253_1127477754302176_1555614190441967510_n.jpg?_nc_ht=instagram.fktw1-1.fna.fbcdn.net&_nc_cat=104&_nc_ohc=eUlM9IPP5UgAX8UUCjI&oh=15496d0c567e0fb63c06534dbe4a91fa&oe=5EF1BDE0;\ud83d\udc4f\ud83d\udc4f\ud83d\udc4d\ud83d\udc4d\ud83e\udd1e\ud83d\ude18
https://instagram.fktw1-1.fna.fbcdn.net/v/t51.2885-15/e35/98167253_1127477754302176_1555614190441967510_n.jpg?_nc_ht=instagram.fktw1-1.fna.fbcdn.net&_nc_cat=104&_nc_ohc=eUlM9IPP5UgAX8UUCjI&oh=15496d0c567e0fb63c06534dbe4a91fa&oe=5EF1BDE0;\ud83d\udd25
https://instagram.fktw1-1.fna.fbcdn.net/v/t51.2885-15/e35/98167253_1127477754302176_1555614190441967510_n.jpg?_nc_ht=instagram.fktw1-1.fna.fbcdn.net&_nc_cat=104&_nc_ohc=eUlM9IPP5UgAX8UUCjI&oh=15496d0c567e0fb63c06534dbe4a91fa&oe=5EF1BDE0;A ja poprosz\u0119 o besos dla @paulinue \ud83d\udc9c
https://instagram.fktw1-1.fna.fbcdn.net/v/t51.2885-15/e35/98167253_1127477754302176_1555614190441967510_n.jpg?_nc_ht=instagram.fktw1-1.fna.fbcdn.net&_nc_cat=104&_nc_ohc=eUlM9IPP5UgAX8UUCjI&oh=15496d0c567e0fb63c06534dbe4a91fa&oe=5EF1BDE0;Chanel Mademoiselle ???
https://instagram.fktw1-1.fna.fbcdn.net/v/t51.2885-15/e35/98167253_1127477754302176_1555614190441967510_n.jpg?_nc_ht=instagram.fktw1-1.fna.fbcdn.net&_nc_cat=104&_nc_ohc=eUlM9IPP5UgAX8UUCjI&oh=15496d0c567e0fb63c06534dbe4a91fa&oe=5EF1BDE0;@basia_foto nie
https://instagram.fktw1-1.fna.fbcdn.net/v/t51.2885-15/e35/98167253_1127477754302176_1555614190441967510_n.jpg?_nc_ht=instagram.fktw1-1.fna.fbcdn.net&_nc_cat=104&_nc_ohc=eUlM9IPP5UgAX8UUCjI&oh=15496d0c567e0fb63c06534dbe4a91fa&oe=5EF1BDE0;What a good moment......
https://instagram.fktw1-1.fna.fbcdn.net/v/t51.2885-15/e35/98167253_1127477754302176_1555614190441967510_n.jpg?_nc_ht=instagram.fktw1-1.fna.fbcdn.net&_nc_cat=104&_nc_ohc=eUlM9IPP5UgAX8UUCjI&oh=15496d0c567e0fb63c06534dbe4a91fa&oe=5EF1BDE0;\u2764\ufe0f\ud83d\udd25
https://instagram.fktw1-1.fna.fbcdn.net/v/t51.2885-15/e35/98167253_1127477754302176_1555614190441967510_n.jpg?_nc_ht=instagram.fktw1-1.fna.fbcdn.net&_nc_cat=104&_nc_ohc=eUlM9IPP5UgAX8UUCjI&oh=15496d0c567e0fb63c06534dbe4a91fa&oe=5EF1BDE0;@wynajemlasera_lightsheerdesire \ud83d\ude00
https://instagram.fktw1-1.fna.fbcdn.net/v/t51.2885-15/e35/98167253_1127477754302176_1555614190441967510_n.jpg?_nc_ht=instagram.fktw1-1.fna.fbcdn.net&_nc_cat=104&_nc_ohc=eUlM9IPP5UgAX8UUCjI&oh=15496d0c567e0fb63c06534dbe4a91fa&oe=5EF1BDE0;Jasmin Noir Bvlgari?
https://instagram.fktw1-1.fna.fbcdn.net/v/t51.2885-15/e35/98167253_1127477754302176_1555614190441967510_n.jpg?_nc_ht=instagram.fktw1-1.fna.fbcdn.net&_nc_cat=104&_nc_ohc=eUlM9IPP5UgAX8UUCjI&oh=15496d0c567e0fb63c06534dbe4a91fa&oe=5EF1BDE0;Jasmin de paice \ud83d\ude18\ud83d\ude18\ud83d\ude18
https://instagram.fktw1-1.fna.fbcdn.net/v/t51.2885-15/e35/98167253_1127477754302176_1555614190441967510_n.jpg?_nc_ht=instagram.fktw1-1.fna.fbcdn.net&_nc_cat=104&_nc_ohc=eUlM9IPP5UgAX8UUCjI&oh=15496d0c567e0fb63c06534dbe4a91fa&oe=5EF1BDE0;Jasmin Noir Bvlgari?
https://instagram.fktw1-1.fna.fbcdn.net/v/t51.2885-15/e35/98167253_1127477754302176_1555614190441967510_n.jpg?_nc_ht=instagram.fktw1-1.fna.fbcdn.net&_nc_cat=104&_nc_ohc=eUlM9IPP5UgAX8UUCjI&oh=15496d0c567e0fb63c06534dbe4a91fa&oe=5EF1BDE0;Jasmin de paice \ud83d\ude18\ud83d\ude18\ud83d\ude18
https://instagram.fktw4-1.fna.fbcdn.net/v/t51.2885-15/e35/97583096_289828482184654_5848411776838129038_n.jpg?_nc_ht=instagram.fktw4-1.fna.fbcdn.net&_nc_cat=110&_nc_ohc=OXIzv1v79Z0AX9tJ8X6&oh=7a662ea89bf199b2f0f2f465711ab546&oe=5EF1D87E;wyglonda pani jak kaczka z grills\ud83d\udd25
https://instagram.fktw4-1.fna.fbcdn.net/v/t51.2885-15/e35/97583096_289828482184654_5848411776838129038_n.jpg?_nc_ht=instagram.fktw4-1.fna.fbcdn.net&_nc_cat=110&_nc_ohc=OXIzv1v79Z0AX9tJ8X6&oh=7a662ea89bf199b2f0f2f465711ab546&oe=5EF1D87E;No w ko\u0144cu!! \ud83d\ude0d\ud83d\ude0d
https://instagram.fktw4-1.fna.fbcdn.net/v/t51.2885-15/e35/97583096_289828482184654_5848411776838129038_n.jpg?_nc_ht=instagram.fktw4-1.fna.fbcdn.net&_nc_cat=110&_nc_ohc=OXIzv1v79Z0AX9tJ8X6&oh=7a662ea89bf199b2f0f2f465711ab546&oe=5EF1D87E;Kocham Pani\u0105 , Pani Madziu , ale dlaczego taka krzywka na buzi ? Co\u015b nie posz\u0142o ?
https://instagram.fktw4-1.fna.fbcdn.net/v/t51.2885-15/e35/97583096_289828482184654_5848411776838129038_n.jpg?_nc_ht=instagram.fktw4-1.fna.fbcdn.net&_nc_cat=110&_nc_ohc=OXIzv1v79Z0AX9tJ8X6&oh=7a662ea89bf199b2f0f2f465711ab546&oe=5EF1D87E;Czy to jest taka moda na takie miny? Nie rozumiem dlaczego nie mo\u017cna naturaln\u0105 \ud83e\udd14pozdrawiam
https://instagram.fktw4-1.fna.fbcdn.net/v/t51.2885-15/e35/97583096_289828482184654_5848411776838129038_n.jpg?_nc_ht=instagram.fktw4-1.fna.fbcdn.net&_nc_cat=110&_nc_ohc=OXIzv1v79Z0AX9tJ8X6&oh=7a662ea89bf199b2f0f2f465711ab546&oe=5EF1D87E;\u2764\ufe0f\ud83d\udc4c\ud83c\udffb
https://instagram.fktw4-1.fna.fbcdn.net/v/t51.2885-15/e35/97583096_289828482184654_5848411776838129038_n.jpg?_nc_ht=instagram.fktw4-1.fna.fbcdn.net&_nc_cat=110&_nc_ohc=OXIzv1v79Z0AX9tJ8X6&oh=7a662ea89bf199b2f0f2f465711ab546&oe=5EF1D87E;Co za geny.Najpi\u0119kniejsza\ud83d\ude0d
https://instagram.fktw4-1.fna.fbcdn.net/v/t51.2885-15/e35/97583096_289828482184654_5848411776838129038_n.jpg?_nc_ht=instagram.fktw4-1.fna.fbcdn.net&_nc_cat=110&_nc_ohc=OXIzv1v79Z0AX9tJ8X6&oh=7a662ea89bf199b2f0f2f465711ab546&oe=5EF1D87E;Love like love \ud83d\udc8b\ud83d\ude0d\ud83d\udc8b\ud83d\ude0d\ud83d\udc8b\ud83d\ude0d\ud83d\udc8b\ud83d\ude0d
https://instagram.fktw4-1.fna.fbcdn.net/v/t51.2885-15/e35/97583096_289828482184654_5848411776838129038_n.jpg?_nc_ht=instagram.fktw4-1.fna.fbcdn.net&_nc_cat=110&_nc_ohc=OXIzv1v79Z0AX9tJ8X6&oh=7a662ea89bf199b2f0f2f465711ab546&oe=5EF1D87E;Witam serdecznie.Pani Magdo jakich kosmetyk\u00f3w do piel\u0119gnacji Pani u\u017cywa? Wygl\u0105da Pani kwitn\u0105co!\ud83c\udf3a\ud83c\udf3a\ud83c\udf3a
https://instagram.fktw4-1.fna.fbcdn.net/v/t51.2885-15/e35/97583096_289828482184654_5848411776838129038_n.jpg?_nc_ht=instagram.fktw4-1.fna.fbcdn.net&_nc_cat=110&_nc_ohc=OXIzv1v79Z0AX9tJ8X6&oh=7a662ea89bf199b2f0f2f465711ab546&oe=5EF1D87E;Kiedy przyleci pani do Arizony? Czekamy na pania z otwartymi ramionami, sercami i kuchniami\ud83d\ude0d\ud83d\ude01\ud83d\ude18\ud83d\ude0a\ud83d\udc96
https://instagram.fktw4-1.fna.fbcdn.net/v/t51.2885-15/e35/97583096_289828482184654_5848411776838129038_n.jpg?_nc_ht=instagram.fktw4-1.fna.fbcdn.net&_nc_cat=110&_nc_ohc=OXIzv1v79Z0AX9tJ8X6&oh=7a662ea89bf199b2f0f2f465711ab546&oe=5EF1D87E;Pi\u0119knie Pani wygl\u0105da \ud83d\ude0d\u2764\ufe0f
https://instagram.fktw4-1.fna.fbcdn.net/v/t51.2885-15/e35/97583096_289828482184654_5848411776838129038_n.jpg?_nc_ht=instagram.fktw4-1.fna.fbcdn.net&_nc_cat=110&_nc_ohc=OXIzv1v79Z0AX9tJ8X6&oh=7a662ea89bf199b2f0f2f465711ab546&oe=5EF1D87E;Udanej rewolucji \ud83d\udd25\ud83e\udd17\ud83c\udf39\ud83c\udf39\ud83c\udf39\ud83c\udf39
https://instagram.fktw4-1.fna.fbcdn.net/v/t51.2885-15/e35/97583096_289828482184654_5848411776838129038_n.jpg?_nc_ht=instagram.fktw4-1.fna.fbcdn.net&_nc_cat=110&_nc_ohc=OXIzv1v79Z0AX9tJ8X6&oh=7a662ea89bf199b2f0f2f465711ab546&oe=5EF1D87E;\ud83d\ude0d\u2728\u2728
https://instagram.fktw4-1.fna.fbcdn.net/v/t51.2885-15/e35/97583096_289828482184654_5848411776838129038_n.jpg?_nc_ht=instagram.fktw4-1.fna.fbcdn.net&_nc_cat=110&_nc_ohc=OXIzv1v79Z0AX9tJ8X6&oh=7a662ea89bf199b2f0f2f465711ab546&oe=5EF1D87E;Duuu\u017cy dziubas\ud83d\ude02
https://instagram.fktw4-1.fna.fbcdn.net/v/t51.2885-15/e35/97583096_289828482184654_5848411776838129038_n.jpg?_nc_ht=instagram.fktw4-1.fna.fbcdn.net&_nc_cat=110&_nc_ohc=OXIzv1v79Z0AX9tJ8X6&oh=7a662ea89bf199b2f0f2f465711ab546&oe=5EF1D87E;Pi\u0119knie pani wyglada! \ud83d\ude0d
https://instagram.fktw4-1.fna.fbcdn.net/v/t51.2885-15/e35/97583096_289828482184654_5848411776838129038_n.jpg?_nc_ht=instagram.fktw4-1.fna.fbcdn.net&_nc_cat=110&_nc_ohc=OXIzv1v79Z0AX9tJ8X6&oh=7a662ea89bf199b2f0f2f465711ab546&oe=5EF1D87E;Wow the make up is so good on you...
https://instagram.fktw4-1.fna.fbcdn.net/v/t51.2885-15/e35/97583096_289828482184654_5848411776838129038_n.jpg?_nc_ht=instagram.fktw4-1.fna.fbcdn.net&_nc_cat=110&_nc_ohc=OXIzv1v79Z0AX9tJ8X6&oh=7a662ea89bf199b2f0f2f465711ab546&oe=5EF1D87E;Moje strony Pani Magdo \ud83d\ude0d\ud83d\ude0d prosz\u0119 o besos \u263a\u263a\u263a\ud83c\udf1e
https://instagram.fktw4-1.fna.fbcdn.net/v/t51.2885-15/e35/97583096_289828482184654_5848411776838129038_n.jpg?_nc_ht=instagram.fktw4-1.fna.fbcdn.net&_nc_cat=110&_nc_ohc=OXIzv1v79Z0AX9tJ8X6&oh=7a662ea89bf199b2f0f2f465711ab546&oe=5EF1D87E;\u2764\ud83d\udc4d\ud83e\udd9c\ud83e\udd9c\ud83e\udda2\ud83e\udda2\ud83e\udd86\ud83e\udd86\ud83d\udd4a\ud83d\udd4a\ud83e\udd8b\ud83e\udd8b\ud83d\udc1e\ud83d\udc1e\ud83e\udd97\ud83e\udd97
https://instagram.fktw4-1.fna.fbcdn.net/v/t51.2885-15/e35/97583096_289828482184654_5848411776838129038_n.jpg?_nc_ht=instagram.fktw4-1.fna.fbcdn.net&_nc_cat=110&_nc_ohc=OXIzv1v79Z0AX9tJ8X6&oh=7a662ea89bf199b2f0f2f465711ab546&oe=5EF1D87E;Pi\u0119kne lokii\ud83d\ude04\u2728
https://instagram.fktw4-1.fna.fbcdn.net/v/t51.2885-15/e35/97583096_289828482184654_5848411776838129038_n.jpg?_nc_ht=instagram.fktw4-1.fna.fbcdn.net&_nc_cat=110&_nc_ohc=OXIzv1v79Z0AX9tJ8X6&oh=7a662ea89bf199b2f0f2f465711ab546&oe=5EF1D87E;Czekamy \ud83d\udd25\ud83d\udd25\ud83d\udd25
https://instagram.fktw4-1.fna.fbcdn.net/v/t51.2885-15/e35/97583096_289828482184654_5848411776838129038_n.jpg?_nc_ht=instagram.fktw4-1.fna.fbcdn.net&_nc_cat=110&_nc_ohc=OXIzv1v79Z0AX9tJ8X6&oh=7a662ea89bf199b2f0f2f465711ab546&oe=5EF1D87E;\u2764\ufe0f
https://instagram.fktw4-1.fna.fbcdn.net/v/t51.2885-15/e35/97583096_289828482184654_5848411776838129038_n.jpg?_nc_ht=instagram.fktw4-1.fna.fbcdn.net&_nc_cat=110&_nc_ohc=OXIzv1v79Z0AX9tJ8X6&oh=7a662ea89bf199b2f0f2f465711ab546&oe=5EF1D87E;@wynajemlasera_lightsheerdesire \ud83d\ude09
https://instagram.fktw4-1.fna.fbcdn.net/v/t51.2885-15/e35/97583096_289828482184654_5848411776838129038_n.jpg?_nc_ht=instagram.fktw4-1.fna.fbcdn.net&_nc_cat=110&_nc_ohc=OXIzv1v79Z0AX9tJ8X6&oh=7a662ea89bf199b2f0f2f465711ab546&oe=5EF1D87E;Bardzo pi\u0119knie pani wyglada !!\ud83d\ude0d\ud83d\ude0d\ud83d\udc95
https://instagram.fktw4-1.fna.fbcdn.net/v/t51.2885-15/e35/97583096_289828482184654_5848411776838129038_n.jpg?_nc_ht=instagram.fktw4-1.fna.fbcdn.net&_nc_cat=110&_nc_ohc=OXIzv1v79Z0AX9tJ8X6&oh=7a662ea89bf199b2f0f2f465711ab546&oe=5EF1D87E;omg
https://instagram.fktw4-1.fna.fbcdn.net/v/t51.2885-15/e35/97583096_289828482184654_5848411776838129038_n.jpg?_nc_ht=instagram.fktw4-1.fna.fbcdn.net&_nc_cat=110&_nc_ohc=OXIzv1v79Z0AX9tJ8X6&oh=7a662ea89bf199b2f0f2f465711ab546&oe=5EF1D87E;@aleksandra.sroka.3954 kako si?  Nadam se da ste dobro i kako je obitelj?
https://instagram.fktw4-1.fna.fbcdn.net/v/t51.2885-15/e35/97583096_289828482184654_5848411776838129038_n.jpg?_nc_ht=instagram.fktw4-1.fna.fbcdn.net&_nc_cat=110&_nc_ohc=OXIzv1v79Z0AX9tJ8X6&oh=7a662ea89bf199b2f0f2f465711ab546&oe=5EF1D87E;omg
https://instagram.fktw4-1.fna.fbcdn.net/v/t51.2885-15/e35/97966643_150146829888151_4901456735734319757_n.jpg?_nc_ht=instagram.fktw4-1.fna.fbcdn.net&_nc_cat=107&_nc_ohc=0UdT1OKTRvMAX-2Kx4m&oh=61b3424b2662e002b20adee968e5319e&oe=5EF227DC;Absolutnie kocham warzywa. Dzi\u015b ugotowa\u0142am zup\u0119 z zielonych warzyw z pulpecikami z indyka \ud83d\ude0b
https://instagram.fktw4-1.fna.fbcdn.net/v/t51.2885-15/e35/97966643_150146829888151_4901456735734319757_n.jpg?_nc_ht=instagram.fktw4-1.fna.fbcdn.net&_nc_cat=107&_nc_ohc=0UdT1OKTRvMAX-2Kx4m&oh=61b3424b2662e002b20adee968e5319e&oe=5EF227DC;Warzywa i owoce to podstawa diety \ud83c\udf45\ud83c\udf4a\ud83e\udd52\ud83c\udf4f\ud83c\udf4e\ud83c\udf4d\ud83c\udf46
https://instagram.fktw4-1.fna.fbcdn.net/v/t51.2885-15/e35/97966643_150146829888151_4901456735734319757_n.jpg?_nc_ht=instagram.fktw4-1.fna.fbcdn.net&_nc_cat=107&_nc_ohc=0UdT1OKTRvMAX-2Kx4m&oh=61b3424b2662e002b20adee968e5319e&oe=5EF227DC;;)
https://instagram.fktw4-1.fna.fbcdn.net/v/t51.2885-15/e35/97966643_150146829888151_4901456735734319757_n.jpg?_nc_ht=instagram.fktw4-1.fna.fbcdn.net&_nc_cat=107&_nc_ohc=0UdT1OKTRvMAX-2Kx4m&oh=61b3424b2662e002b20adee968e5319e&oe=5EF227DC;Same zdrowie \ud83d\ude0d
https://instagram.fktw4-1.fna.fbcdn.net/v/t51.2885-15/e35/97966643_150146829888151_4901456735734319757_n.jpg?_nc_ht=instagram.fktw4-1.fna.fbcdn.net&_nc_cat=107&_nc_ohc=0UdT1OKTRvMAX-2Kx4m&oh=61b3424b2662e002b20adee968e5319e&oe=5EF227DC;Cudowne dary natury \ud83c\udf46\ud83e\udd54\ud83e\udd66\ud83e\udd55\ud83e\udd6c\ud83c\udf45
https://instagram.fktw4-1.fna.fbcdn.net/v/t51.2885-15/e35/97966643_150146829888151_4901456735734319757_n.jpg?_nc_ht=instagram.fktw4-1.fna.fbcdn.net&_nc_cat=107&_nc_ohc=0UdT1OKTRvMAX-2Kx4m&oh=61b3424b2662e002b20adee968e5319e&oe=5EF227DC;\ud83d\ude0d
https://instagram.fktw4-1.fna.fbcdn.net/v/t51.2885-15/e35/97966643_150146829888151_4901456735734319757_n.jpg?_nc_ht=instagram.fktw4-1.fna.fbcdn.net&_nc_cat=107&_nc_ohc=0UdT1OKTRvMAX-2Kx4m&oh=61b3424b2662e002b20adee968e5319e&oe=5EF227DC;:)))
https://instagram.fktw4-1.fna.fbcdn.net/v/t51.2885-15/e35/97966643_150146829888151_4901456735734319757_n.jpg?_nc_ht=instagram.fktw4-1.fna.fbcdn.net&_nc_cat=107&_nc_ohc=0UdT1OKTRvMAX-2Kx4m&oh=61b3424b2662e002b20adee968e5319e&oe=5EF227DC;Pi\u0119kny \ud83e\udd29
https://instagram.fktw4-1.fna.fbcdn.net/v/t51.2885-15/e35/97966643_150146829888151_4901456735734319757_n.jpg?_nc_ht=instagram.fktw4-1.fna.fbcdn.net&_nc_cat=107&_nc_ohc=0UdT1OKTRvMAX-2Kx4m&oh=61b3424b2662e002b20adee968e5319e&oe=5EF227DC;Pi\u0119knie i zdrowo \ud83d\ude0d
https://instagram.fktw4-1.fna.fbcdn.net/v/t51.2885-15/e35/97966643_150146829888151_4901456735734319757_n.jpg?_nc_ht=instagram.fktw4-1.fna.fbcdn.net&_nc_cat=107&_nc_ohc=0UdT1OKTRvMAX-2Kx4m&oh=61b3424b2662e002b20adee968e5319e&oe=5EF227DC;W\u0142asny ogr\u00f3d warzywny... najlepiej \ud83d\ude0d
https://instagram.fktw4-1.fna.fbcdn.net/v/t51.2885-15/e35/97966643_150146829888151_4901456735734319757_n.jpg?_nc_ht=instagram.fktw4-1.fna.fbcdn.net&_nc_cat=107&_nc_ohc=0UdT1OKTRvMAX-2Kx4m&oh=61b3424b2662e002b20adee968e5319e&oe=5EF227DC;\ud83d\udc99\ud83d\udc99
https://instagram.fktw4-1.fna.fbcdn.net/v/t51.2885-15/e35/97966643_150146829888151_4901456735734319757_n.jpg?_nc_ht=instagram.fktw4-1.fna.fbcdn.net&_nc_cat=107&_nc_ohc=0UdT1OKTRvMAX-2Kx4m&oh=61b3424b2662e002b20adee968e5319e&oe=5EF227DC;Uwielbiam warzywa \ud83d\udc8b
https://instagram.fktw4-1.fna.fbcdn.net/v/t51.2885-15/e35/97966643_150146829888151_4901456735734319757_n.jpg?_nc_ht=instagram.fktw4-1.fna.fbcdn.net&_nc_cat=107&_nc_ohc=0UdT1OKTRvMAX-2Kx4m&oh=61b3424b2662e002b20adee968e5319e&oe=5EF227DC;Najwa\u017cniejsze, \u017ce zdrowo i eko.. Male\u0144stwo b\u0119dzie mia\u0142o \u015bwie\u017cutkie warzywka \ud83d\udc96Pozdrawiam
https://instagram.fktw4-1.fna.fbcdn.net/v/t51.2885-15/e35/97966643_150146829888151_4901456735734319757_n.jpg?_nc_ht=instagram.fktw4-1.fna.fbcdn.net&_nc_cat=107&_nc_ohc=0UdT1OKTRvMAX-2Kx4m&oh=61b3424b2662e002b20adee968e5319e&oe=5EF227DC;zdrowo
https://instagram.fktw4-1.fna.fbcdn.net/v/t51.2885-15/e35/97966643_150146829888151_4901456735734319757_n.jpg?_nc_ht=instagram.fktw4-1.fna.fbcdn.net&_nc_cat=107&_nc_ohc=0UdT1OKTRvMAX-2Kx4m&oh=61b3424b2662e002b20adee968e5319e&oe=5EF227DC;\u2764\ufe0f\u2764\ufe0f\u2764\ufe0f
https://instagram.fktw4-1.fna.fbcdn.net/v/t51.2885-15/e35/97966643_150146829888151_4901456735734319757_n.jpg?_nc_ht=instagram.fktw4-1.fna.fbcdn.net&_nc_cat=107&_nc_ohc=0UdT1OKTRvMAX-2Kx4m&oh=61b3424b2662e002b20adee968e5319e&oe=5EF227DC;\u2764\ufe0f\u2764\ufe0f\u2764\ufe0f\ud83d\udc4c\ud83d\udc4c\ud83d\udc4f\ud83d\udc4f
https://instagram.fktw4-1.fna.fbcdn.net/v/t51.2885-15/e35/97966643_150146829888151_4901456735734319757_n.jpg?_nc_ht=instagram.fktw4-1.fna.fbcdn.net&_nc_cat=107&_nc_ohc=0UdT1OKTRvMAX-2Kx4m&oh=61b3424b2662e002b20adee968e5319e&oe=5EF227DC;\u2764\ufe0f\ud83d\ude4c\ud83d\udc4f\ud83d\udc4d
https://instagram.fktw4-1.fna.fbcdn.net/v/t51.2885-15/e35/97966643_150146829888151_4901456735734319757_n.jpg?_nc_ht=instagram.fktw4-1.fna.fbcdn.net&_nc_cat=107&_nc_ohc=0UdT1OKTRvMAX-2Kx4m&oh=61b3424b2662e002b20adee968e5319e&oe=5EF227DC;\ud83d\udc4f\u2764\ufe0f\ud83c\udf39\ud83c\udf39\ud83c\udf39
https://instagram.fktw4-1.fna.fbcdn.net/v/t51.2885-15/e35/97966643_150146829888151_4901456735734319757_n.jpg?_nc_ht=instagram.fktw4-1.fna.fbcdn.net&_nc_cat=107&_nc_ohc=0UdT1OKTRvMAX-2Kx4m&oh=61b3424b2662e002b20adee968e5319e&oe=5EF227DC;Ale kolorowo \ud83e\udde1
https://instagram.fktw4-1.fna.fbcdn.net/v/t51.2885-15/e35/97966643_150146829888151_4901456735734319757_n.jpg?_nc_ht=instagram.fktw4-1.fna.fbcdn.net&_nc_cat=107&_nc_ohc=0UdT1OKTRvMAX-2Kx4m&oh=61b3424b2662e002b20adee968e5319e&oe=5EF227DC;Pyszne warzywa mniaaam \u2764\ufe0f uwielbiamy, samo zdrowie \u2764\ufe0f
https://instagram.fktw4-1.fna.fbcdn.net/v/t51.2885-15/e35/97966643_150146829888151_4901456735734319757_n.jpg?_nc_ht=instagram.fktw4-1.fna.fbcdn.net&_nc_cat=107&_nc_ohc=0UdT1OKTRvMAX-2Kx4m&oh=61b3424b2662e002b20adee968e5319e&oe=5EF227DC;\ud83d\udc4d\ud83c\udffd\ud83d\udc4d\ud83c\udffd\ud83d\udc4d\ud83c\udffd
https://instagram.fktw4-1.fna.fbcdn.net/v/t51.2885-15/e35/97966643_150146829888151_4901456735734319757_n.jpg?_nc_ht=instagram.fktw4-1.fna.fbcdn.net&_nc_cat=107&_nc_ohc=0UdT1OKTRvMAX-2Kx4m&oh=61b3424b2662e002b20adee968e5319e&oe=5EF227DC;@magdagessler_official brawo Ty!
https://instagram.fktw4-1.fna.fbcdn.net/v/t51.2885-15/e35/97966643_150146829888151_4901456735734319757_n.jpg?_nc_ht=instagram.fktw4-1.fna.fbcdn.net&_nc_cat=107&_nc_ohc=0UdT1OKTRvMAX-2Kx4m&oh=61b3424b2662e002b20adee968e5319e&oe=5EF227DC;Mniaaaam
https://instagram.fktw4-1.fna.fbcdn.net/v/t51.2885-15/e35/97966643_150146829888151_4901456735734319757_n.jpg?_nc_ht=instagram.fktw4-1.fna.fbcdn.net&_nc_cat=107&_nc_ohc=0UdT1OKTRvMAX-2Kx4m&oh=61b3424b2662e002b20adee968e5319e&oe=5EF227DC;@magdagessler_official brawo Ty!
https://instagram.fktw4-1.fna.fbcdn.net/v/t51.2885-15/e35/97966643_150146829888151_4901456735734319757_n.jpg?_nc_ht=instagram.fktw4-1.fna.fbcdn.net&_nc_cat=107&_nc_ohc=0UdT1OKTRvMAX-2Kx4m&oh=61b3424b2662e002b20adee968e5319e&oe=5EF227DC;Mniaaaam
